skater,trick,date,url,stance,status
boo johnson,frontside shuvit nosegrind ,08-19-2014,http://theberrics.com/trickipedia/frontside-shuvit-nosegrind.html,goofy,am
jon nguyen,nollie 180 switch crooked grind,08-12-2014,http://theberrics.com/trickipedia/jon-nguyen-nollie-180-switch-crooked-grind.html,regular,am
trevor colden,nollie heelflip noseslide ,08-05-2014,http://theberrics.com/trickipedia/trevor-colden-nollie-heelflip-noseslide.html,regular,pro
tommy fynn,backside 180 nosegrind ,07-29-2014,http://theberrics.com/trickipedia/tommy-fynn-backside-180-nosegrind.html,goofy,pro
tj rogers,switch frontside 360 ollie ,07-22-2014,http://theberrics.com/trickipedia/tj-rogers-switch-frontside-360-ollie.html,regular,am
greg lutzka,bigspin frontside boardslide hd ,07-15-2014,http://theberrics.com/trickipedia/greg-lutzka-bigspin-frontside-boardslide.html,goofy,pro
ryan decenzo,switch 180 crooked grind,07-08-2014,http://theberrics.com/trickipedia/ryan-decenzo-switch-180-crooked-grind.html,regular,pro
nick tucker,nosegrind nollie heelflip out,07-01-2014,http://theberrics.com/trickipedia/nick-tucker-backside-nosegrind-nollie-heelflip-out.html,regular,am
peter raffin,slappy crooked grinds,06-24-2014,http://theberrics.com/trickipedia/slappy-crooks-peter-raffin.html,goofy,am
cody cepeda,switch double kickflip,06-10-2014,http://theberrics.com/trickipedia/switch-double-kickflip-cody-cepeda.html,goofy,am
neen williams,heelflip hd,06-03-2014,http://theberrics.com/trickipedia/neen-williams-heelflip.html,goofy,pro
carlos ribeiro,switch backside smith grind hd,05-13-2014,http://theberrics.com/trickipedia/carlos-ribeiro-switch-backside-smith-grind.html,regular,am
eric koston,fakie impossible,04-29-2014,http://theberrics.com/trickipedia/eric-koston-fakie-impossible.html,goofy,pro
paul rodriguez,bigspin heelflip,04-22-2014,http://theberrics.com/trickipedia/paul-rodriguez-bigspin-heelflip.html,goofy,pro
cj tambornino,nollie 360 inward heelflip,03-25-2014,http://theberrics.com/trickipedia/cj-tambornino-nollie-360-inward-heelflip.html,regular,am
trevor mcclung,fakie ollie backside crooked grind,03-18-2014,http://theberrics.com/trickipedia/trevor-mcclung-fakie-ollie-backside-crooked-grind.html,regular,am
ray barbee,360 no comply,03-11-2014,http://theberrics.com/trickipedia/ray-barbee-no-comply-360.html,goofy,pro
tommy sandoval,kickflip noseslide,03-04-2014,http://theberrics.com/trickipedia/kickflip-noseslide.html,regular,pro
dave bachinsky,kickflip frontside disaster,02-11-2014,http://theberrics.com/trickipedia/kickflip-frontside-disaster.html,regular,pro
david reyes,kickflip frontside crooked grind,02-04-2014,http://theberrics.com/trickipedia/kickflip-frontside-crooked-grind.html,regular,am
walker ryan,switch backside bigspin hd,01-28-2014,http://theberrics.com/trickipedia/switch-backside-bigspin-hd.html,regular,pro
sebo walker,nollie frontside 180 kickflip,01-14-2014,http://theberrics.com/trickipedia/nollie-frontside-180-kickflip.html,goofy,am
pj ladd,nollie backside 360 heelflip,01-07-2014,http://theberrics.com/trickipedia/nollie-backside-360-heelflip.html,regular,pro
chico brenes,fakie varial heelflip,12-24-2013,http://theberrics.com/trickipedia/fakie-varial-heelflip.html,regular,pro
davis torgerson,nollie backside 180 switch backside 5050,12-17-2013,http://theberrics.com/trickipedia/nollie-bs-180-switch-bs-5050.html,goofy,pro
brandon biebel,switch varial heelflip,12-10-2013,http://theberrics.com/trickipedia/switch-varial-heelflip.html,goofy,pro
andrew reynolds,nollie frontside 360 hd,12-03-2013,http://theberrics.com/trickipedia/nollie-frontside-360-hd.html,regular,pro
felipe gustavo,nollie frontside crooked grinds,11-26-2013,http://theberrics.com/trickipedia/nollie-frontside-crooked-grind.html,goofy,pro
cairo foster,front foot impossible,11-19-2013,http://theberrics.com/trickipedia/front-foot-impossible.html,goofy,pro
kenny hoyle,switch backside 180 heelflip,11-12-2013,http://theberrics.com/trickipedia/switch-backside-180-heelflip.html,goofy,pro
brandon westgate,frontside halfcab flip,11-05-2013,http://theberrics.com/trickipedia/frontside-halfcab-flip.html,goofy,pro
casper the ghost,casper flip,10-29-2013,http://theberrics.com/trickipedia/casper-flip.html,regular,am
keelan dadd,pressure flip,10-22-2013,http://theberrics.com/trickipedia/pressure-flip.html,regular,pro
nyjah huston,frontside 180 to switch crooked grind,10-15-2013,http://theberrics.com/trickipedia/frontside-180-to-switch-crooked-grind.html,goofy,pro
tom remillard,frontside blunt,09-24-2013,http://theberrics.com/trickipedia/frontside-blunt.html,regular,pro
trent mcclung,frontside bluntslide hd,09-10-2013,http://theberrics.com/trickipedia/frontside-bluntslide-hd.html,goofy,am
trevor colden,backside 360 hd,09-03-2013,http://theberrics.com/trickipedia/backside-360-hd.html,regular,pro
marty murawski,fakie 5-0 grind hd,08-20-2013,http://theberrics.com/trickipedia/trickipedia-tuesdays.html,goofy,pro
mikemo capaldi,impossible late flip,08-13-2013,http://theberrics.com/trickipedia/impossible-late-flip.html,regular,pro
louie lopez,backside sugarcane,08-06-2013,http://theberrics.com/trickipedia/backside-sugarcane.html,regular,pro
torey pudwill,kickflip backside lipslide,07-30-2013,http://theberrics.com/trickipedia/kickflip-backside-lipslide.html,regular,pro
billy marks,double kickflip hd,07-23-2013,http://theberrics.com/trickipedia/double-kickflip-hd.html,regular,pro
oscar meza,kickflip crooked grind,07-16-2013,http://theberrics.com/trickipedia/kickflip-crooked-grind.html,regular,am
wes kremer,backside wallride hd,07-09-2013,http://theberrics.com/trickipedia/backside-wallride-hd.html,goofy,pro
jimmy carlin,fakie hardflip,07-02-2013,http://theberrics.com/trickipedia/fakie-hardflip-hd.html,regular,pro
scott pfaff,bigspin frontside boardslide,06-18-2013,http://theberrics.com/trickipedia/bigspin-frontside-boardslide.html,regular,am
sebo walker,nollie 360 flip hd,06-11-2013,http://theberrics.com/trickipedia/nollie-360-flip-hd.html,goofy,am
nick tucker,switch inward heelflip,05-28-2013,http://theberrics.com/trickipedia/switch-inward-heelflip.html,regular,am
shmatty chaffin,nollie bigspin flip,05-14-2013,http://theberrics.com/trickipedia/nollie-bigspin-flip.html,goofy,am
sewa kroetkov,nollie front foot kickflip,05-07-2013,http://theberrics.com/trickipedia/nollie-front-foot-kickflip.html,goofy,am
ben nordberg,backside noseblunt hd,04-23-2013,http://theberrics.com/trickipedia/backside-noseblunt-hd.html,regular,am
carlos ribeiro,nollie flip noseslide,04-16-2013,http://theberrics.com/trickipedia/nollie-flip-noseslide.html,regular,am
joey brezinski,switch nosemanual fakie kickflip,04-09-2013,http://theberrics.com/trickipedia/switch-nosemanual-fakie-kickflip.html,goofy,pro
chaz ortiz,frontside hurricane,04-02-2013,http://theberrics.com/trickipedia/frontside-hurricane.html,regular,pro
matt miller,nollie 180 switch backside 5-0,03-26-2013,http://theberrics.com/trickipedia/nollie-180-switch-bs-5-0.html,goofy,pro
james espinoza,fakie inward heelflip hd,03-12-2013,http://theberrics.com/trickipedia/fakie-inward-heelflip-hd.html,goofy,am
paul rodriguez,nollie hardflip hd,03-05-2013,http://theberrics.com/trickipedia/nollie-hardflip-hd.html,goofy,pro
shane o'neill,switch 360 flip hd,02-26-2013,http://theberrics.com/trickipedia/switch-360-flip-hd.html,goofy,pro
manny santiago,360 shuvit lipslide,02-19-2013,http://theberrics.com/trickipedia/360-shuvit-lipslides.html,goofy,pro
kelly hart,frontside 180 heelflip,02-05-2013,http://theberrics.com/trickipedia/frontside-180-heelflip.html,goofy,am
boo johnson,fakie backside lipslides,01-29-2013,http://theberrics.com/trickipedia/fakie-backside-lipslides.html,goofy,am
morgan smith,frontside nollie kickflip hd,01-22-2013,http://theberrics.com/trickipedia/frontside-nollie-kickflip-hd.html,goofy,pro
lewis marnell,nollie bigspin heelflip,01-21-2013,http://theberrics.com/trickipedia/nollie-bigspin-heelflip.html,regular,pro
danny montoya,switch frontside smith grind,01-15-2013,http://theberrics.com/trickipedia/switch-frontside-smith-grind.html,regular,pro
ryan reyes,wallie,01-08-2013,http://theberrics.com/trickipedia/wallie.html,regular,am
keelan dadd,nollie double heelflip,12-18-2012,http://theberrics.com/trickipedia/nollie-double-heelflip.html,regular,pro
richie jackson,360 flip hippie jump,12-04-2012,http://theberrics.com/trickipedia/360-flip-hippie-jump.html,goofy,am
eric koston,switch backside 360,11-27-2012,http://theberrics.com/trickipedia/switch-backside-360.html,goofy,pro
chris roberts,fakie frontside nosegrind hd,11-20-2012,http://theberrics.com/trickipedia/fakie-frontside-nosegrind-hd.html,regular,pro
wade desarmo,nollie backside heelflip hd,11-13-2012,http://theberrics.com/trickipedia/nollie-backside-heelflip-hd.html,goofy,pro
david loy,frontside noseblunt,11-06-2012,http://theberrics.com/trickipedia/frontside-noseblunt-hd.html,regular,pro
daniel shimizu,pole jam,10-30-2012,http://theberrics.com/trickipedia/pole-jam.html,regular,pro
chaz ortiz,backside 180 nosegrind,10-23-2012,http://theberrics.com/trickipedia/backside-180-nosegrind-hd.html,regular,pro
daryl angel,pivot fakie hd,10-17-2012,http://theberrics.com/trickipedia/pivot-fakie-hd.html,regular,pro
felipe gustavo,switch bigspin heelflip hd,10-09-2012,http://theberrics.com/trickipedia/switch-bigspin-heelflip-hd.html,goofy,pro
kelly hart,nollie backside noseslide hd,10-02-2012,http://theberrics.com/trickipedia/nollie-backside-noseslide.html,goofy,am
trevor colden,switch backside tailslide hd,09-25-2012,http://theberrics.com/trickipedia/switch-backside-tailslide-hd.html,regular,pro
raymond molinar,fakie backside tailslide,09-18-2012,http://theberrics.com/trickipedia/fakie-backside-tailslide.html,regular,pro
ronnie creager,switch crooked grind hd,09-11-2012,http://theberrics.com/trickipedia/switch-crooked-grind-hd.html,goofy,pro
levi brown,ollie hd,09-04-2012,http://theberrics.com/trickipedia/ollie-hd.html,regular,pro
nick tucker,nollie inward heelflip hd,09-02-2012,http://theberrics.com/trickipedia/nollie-inward-heelflip-hd.html,regular,am
devine calloway,backside bigspin hd,09-01-2012,http://theberrics.com/trickipedia/backside-bigspin-hd.html,regular,pro
mikey taylor,frontside crooked grind,08-28-2012,http://theberrics.com/trickipedia/frontside-crooked-grind-hd.html,regular,pro
rodrigo petersen,frontside 5-0 grind hd,08-21-2012,http://theberrics.com/trickipedia/frontside-5-0-grind-hd.html,regular,am
tosh townend,frontside tailslide hd,08-14-2012,http://theberrics.com/trickipedia/frontside-tailslide-hd.html,regular,pro
manny santiago,360 shuvit hd,08-07-2012,http://theberrics.com/trickipedia/360-shuvit-hd.html,goofy,pro
chad tim tim,switch backside lipslide hd,07-31-2012,http://theberrics.com/trickipedia/switch-backside-lipslide-hd.html,goofy,pro
davis torgerson,backside lipslide hd,07-24-2012,http://theberrics.com/trickipedia/backside-lipslide-hd.html,goofy,pro
mark appleyard,nollie 180 switch crooked grind hd,07-17-2012,http://theberrics.com/trickipedia/nollie-180-switch-crooked-grind-hd.html,goofy,pro
sierra fellers,halfcab crooked grind,07-10-2012,http://theberrics.com/trickipedia/halfcab-crooked-grind.html,regular,pro
johan stuckey,kickflip fs 50-50,07-03-2012,http://theberrics.com/trickipedia/kickflip-frontside-50-50.html,goofy,am
nick tucker,bigspin kickflip hd,06-26-2012,http://theberrics.com/trickipedia/bigspin-kickflip-hd.html,regular,am
greg lutzka,frontside 360 hd,06-19-2012,http://theberrics.com/trickipedia/frontside-360-hd.html,goofy,pro
felipe gustavo,nollie crooked grind hd,06-05-2012,http://theberrics.com/trickipedia/nollie-crooked-grind-hd.html,goofy,pro
luis tolentino,frontside halfcab heelflip hd,05-29-2012,http://theberrics.com/trickipedia/frontside-half-cab-heelflip-hd.html,goofy,am
matt miller,nollie frontside heelflip hd,05-22-2012,http://theberrics.com/trickipedia/nollie-frontside-heelflip-hd.html,goofy,pro
kerry getz,frontside halfcab kickflip hd,05-08-2012,http://theberrics.com/trickipedia/frontside-halfcab-kickflip-hd.html,regular,pro
torey pudwill,backside tailslide hd,05-01-2012,http://theberrics.com/trickipedia/backside-tailslide-hd.html,regular,pro
tom asta,switch frontside heelflip hd,04-24-2012,http://theberrics.com/trickipedia/switch-frontside-heelflip-hd.html,regular,pro
eli reed,switch frontside pop shuvit hd,04-17-2012,http://theberrics.com/trickipedia/switch-frontside-pop-shuvit-hd.html,regular,pro
trevor colden,backside smith grind hd,04-10-2012,http://theberrics.com/trickipedia/backside-smith-grind-hd.html,regular,pro
mikemo capaldi,nollie heelflip hd,03-27-2012,http://theberrics.com/trickipedia/nollie-heelflip-hd.html,regular,pro
torey pudwill,kickflip hd,03-20-2012,http://theberrics.com/trickipedia/kickflip-hd.html,regular,pro
eric koston,fakie 360 flip hd,03-13-2012,http://theberrics.com/trickipedia/fakie-360-flip-hd.html,goofy,pro
chris cole,frontside kickflip hd,03-06-2012,http://theberrics.com/trickipedia/frontside-kickflip-hd.html,regular,am
billy marks,switch varial heelflip hd,02-28-2012,http://theberrics.com/trickipedia/switch-heelflip-shuvit-hd.html,regular,pro
josh kalis,nollie kickflip hd,02-21-2012,http://theberrics.com/trickipedia/nollie-kickflip-hd.html,goofy,pro
moose,varial heelflip hd,02-14-2012,http://theberrics.com/trickipedia/heelflip-shuvit-hd.html,regular,pro
austyn gillette,switch kickflip hd,02-07-2012,http://theberrics.com/trickipedia/switch-kickflip-hd.html,regular,pro
derrick wilson,switch frontside bigspin hd,01-31-2012,http://theberrics.com/trickipedia/switch-frontside-bigspin-hd.html,goofy,am
brandon biebel,frontside nosegrind hd,01-24-2012,http://theberrics.com/trickipedia/frontside-nosegrind-hd.html,goofy,pro
stevie williams,switch nose manual,01-17-2012,http://theberrics.com/trickipedia/switch-nose-manual-hd.html,goofy,pro
kevin romar,nollie backside 360 hd,01-10-2012,http://theberrics.com/trickipedia/nollie-backside-360-hd.html,goofy,pro
kelly hart,switch heelflip hd,12-27-2011,http://theberrics.com/trickipedia/switch-heelflip-hd.html,goofy,am
bert wootton,backside feeble grind hd,12-20-2011,http://theberrics.com/trickipedia/backside-feeble-grind-hd.html,regular,am
tommy sandoval,fakie kickflip,12-13-2011,http://theberrics.com/trickipedia/fakie-kickflip-hd.html,regular,pro
chico brenes,frontside pop shuvit hd,12-06-2011,http://theberrics.com/trickipedia/frontside-pop-shuvit-hd.html,regular,pro
mark appleyard,360 flip hd,11-29-2011,http://theberrics.com/trickipedia/360-flip-hd.html,goofy,pro
jimmy carlin,hardflip hd,11-15-2011,http://theberrics.com/trickipedia/hardflip-hd.html,regular,pro
shane o'neill,switch backside kickflip hd,11-08-2011,http://theberrics.com/trickipedia/switch-backside-kickflip-hd.html,goofy,pro
peter ramondetta,backside tailslide shuvit,11-01-2011,http://theberrics.com/trickipedia/backside-tailslide-shuvit.html,regular,pro
albert nyberg,no comply bigspin heelflip,10-25-2011,http://theberrics.com/trickipedia/no-comply-bigspin-heelflip.html,regular,pro
andrew langi,blunt fakie,10-18-2011,http://theberrics.com/trickipedia/blunt-fakie.html,regular,am
chaz ortiz,kickflip frontside boardslide,10-11-2011,http://theberrics.com/trickipedia/kickflip-frontside-boardslide.html,regular,pro
terry kennedy,fakie frontside lipslide,10-04-2011,http://theberrics.com/trickipedia/fakie-lipslide.html,regular,pro
steve caballero,backside boardslide,09-27-2011,http://theberrics.com/trickipedia/backside-boardslide.html,goofy,pro
boo johnson,fakie frontside bigspin,09-20-2011,http://theberrics.com/trickipedia/fakie-frontside-bigspin.html,goofy,am
rodrigo petersen,nollie frontside bigspin,09-13-2011,http://theberrics.com/trickipedia/nollie-frontside-bigspin.html,regular,am
mikey taylor,switch frontside lipslide,08-30-2011,http://theberrics.com/trickipedia/switch-frontside-lipslide.html,regular,pro
kevin romar,varial kickflip,08-23-2011,http://theberrics.com/trickipedia/varial-kickflip.html,goofy,pro
mikemo capaldi,switch bigspin kickflip,08-16-2011,http://theberrics.com/trickipedia/switch-bigspin-kickflip.html,regular,pro
willow,frontside 360 pop shuvit,08-09-2011,http://theberrics.com/trickipedia/willow.html,regular,pro
theotis beasley,halfcab double kickflip,08-02-2011,http://theberrics.com/trickipedia/theotis-beasley.html,goofy,pro
louie lopez,frontside tailslide bigspin,07-26-2011,http://theberrics.com/trickipedia/louie-lopez-frontside-tailslide-bigspin.html,regular,pro
stacy lowery,frontside 180,07-19-2011,http://theberrics.com/trickipedia/stacy-lowery-fs180.html,goofy,pro
billy marks,kickflip boardslide,07-12-2011,http://theberrics.com/trickipedia/billy-marks-kickflip-boardslide.html,regular,pro
ryan sheckler,caballerial kickflip,06-28-2011,http://theberrics.com/trickipedia/ryan-sheckler-cab-kickflips.html,regular,pro
moose,nollie backside bigspin,06-14-2011,http://theberrics.com/trickipedia/nollie-backside-bigspin.html,regular,pro
rob gonzalez,nollie frontside 180,06-07-2011,http://theberrics.com/trickipedia/nollie-frontside-180.html,regular,pro
daniel espinoza,fakie hardflip,05-31-2011,http://theberrics.com/trickipedia/fakie-hardflip.html,regular,pro
mike vallely,boneless,05-24-2011,http://theberrics.com/trickipedia/boneless.html,regular,pro
jeron wilson,half cab noseslide,05-17-2011,http://theberrics.com/trickipedia/half-cab-noselide.html,regular,pro
kelly hart,nollie varial flip,05-10-2011,http://theberrics.com/trickipedia/nollie-varial-flip.html,goofy,am
kevin coakley,fakie ollie backside crooked grind,04-26-2011,http://theberrics.com/trickipedia/fakie-ollie-backside-crooked-grind.html,goofy,am
sammy baptista,switch frontside pop shuvit,04-19-2011,http://theberrics.com/trickipedia/switch-frontside-pop-shuvit.html,goofy,pro
kenny anderson,backside disaster,04-12-2011,http://theberrics.com/trickipedia/backside-disaster.html,goofy,pro
davis torgerson,nollie backside 180,03-29-2011,http://theberrics.com/trickipedia/nollie-backside-180.html,goofy,pro
steve nesser,frontside disaster,03-22-2011,http://theberrics.com/trickipedia/frontside-disaster.html,regular,pro
ronnie creager,fakie ollie tailslide,03-15-2011,http://theberrics.com/trickipedia/fakie-ollie-tailslide.html,goofy,pro
luan oliveira,switch frontside 360,03-08-2011,http://theberrics.com/trickipedia/switch-frontside-360.html,regular,pro
tom asta,kickflip backside noseslide,03-01-2011,http://theberrics.com/trickipedia/kickflip-backside-noseslide.html,regular,pro
enrique lorenzo,nollie nose manual,02-22-2011,http://theberrics.com/trickipedia/nollie-nose-manual.html,goofy,pro
matt bennett,bennett grind,02-15-2011,http://theberrics.com/trickipedia/bennett-grind.html,regular,pro
karl watson,nollie 180 switch crooked grind,02-08-2011,http://theberrics.com/trickipedia/nollie-180-switch-crooked-grind.html,regular,pro
mikemo capaldi,fakie frontside crooked grind,02-01-2011,http://theberrics.com/trickipedia/fakie-frontside-crooked-grind.html,regular,pro
paul shier,frontside half cab noseslide,01-25-2011,http://theberrics.com/trickipedia/frontside-half-cab-noseslide.html,goofy,pro
jimmy carlin,frontside half cab heelflip,01-18-2011,http://theberrics.com/trickipedia/frontside-half-cab-heelflip.html,regular,pro
johnny layton,frontside bigspin heelflip,01-04-2011,http://theberrics.com/trickipedia/frontside-bigspin-heelflip.html,regular,pro
chris troy,switch frontside bigspin,12-28-2010,http://theberrics.com/trickipedia/switch-frontside-bigspin.html,regular,pro
jamie thomas,frontside 180 nose grind,12-21-2010,http://theberrics.com/trickipedia/frontside-180-nose-grind.html,regular,pro
rodrigo tx,switch hardflip,12-14-2010,http://theberrics.com/trickipedia/switch-hardflip.html,goofy,pro
kenny hoyle,nollie frontside boardslides,12-07-2010,http://theberrics.com/trickipedia/nollie-frontside-boardslides.html,goofy,pro
danny supa,fakie inward heelflip,11-30-2010,http://theberrics.com/trickipedia/fakie-inward-heelflip.html,goofy,pro
mark appleyard,bigspin flip,11-23-2010,http://theberrics.com/trickipedia/bigspin-flip.html,goofy,pro
sean malto,backside overcrook,11-16-2010,http://theberrics.com/trickipedia/backside-overcrook.html,regular,pro
darrell stanton,frontside bluntslide,11-09-2010,http://theberrics.com/trickipedia/frontside-bluntslide.html,goofy,pro
paul rodriguez,nollie 360 flips,11-02-2010,http://theberrics.com/trickipedia/nollie-360-flips.html,goofy,pro
luis tolentino,fakie heelflip,10-26-2010,http://theberrics.com/trickipedia/fakie-heelflip.html,goofy,am
zach lyons,caballerial,10-12-2010,http://theberrics.com/trickipedia/caballerial.html,regular,am
morgan smith,switch backside tailslide,09-28-2010,http://theberrics.com/trickipedia/switch-backside-tailslide.html,goofy,pro
brandon biebel,fakie frontside nosegrind,09-21-2010,http://theberrics.com/trickipedia/fakie-frontside-nosegrind.html,goofy,pro
felipe gustavo,nollie hardflip,09-14-2010,http://theberrics.com/trickipedia/nollie-hardflip.html,goofy,pro
daryl angel,fakie backside nosegrind,09-07-2010,http://theberrics.com/trickipedia/fakie-backside-nosegrind.html,regular,pro
kelly hart,switch frontside tailslide,08-31-2010,http://theberrics.com/trickipedia/switch-frontside-tailslide.html,goofy,am
kevin romar,nollie backside 360,08-24-2010,http://theberrics.com/trickipedia/nollie-backside-360.html,goofy,pro
stefan janoski,switch flip,08-10-2010,http://theberrics.com/trickipedia/switch-flip.html,regular,pro
david gonzalez,impossible,08-03-2010,http://theberrics.com/trickipedia/impossible.html,goofy,pro
chico brenes,fakie bigflip,07-27-2010,http://theberrics.com/trickipedia/fakie-bigflip.html,regular,pro
danny montoya,nollie noseslide,07-20-2010,http://theberrics.com/trickipedia/nollie-noseslide.html,regular,pro
mikey taylor,frontside boardslide,07-06-2010,http://theberrics.com/trickipedia/frontside-boardslide.html,regular,pro
adelmo jr,switch backside heelflip,06-29-2010,http://theberrics.com/trickipedia/switch-backside-heelflip.html,regular,pro
richard angelides,switch varial heelflip,06-22-2010,http://theberrics.com/trickipedia/switch-heelflip-shuvit.html,goofy,pro
prince gilchrist,nollie laser flip,06-15-2010,http://theberrics.com/trickipedia/nollie-laser-flip.html,regular,am
chad tim tim,switch crooked grind,06-08-2010,http://theberrics.com/trickipedia/switch-crooked-grind.html,goofy,pro
billy marks,nollie inward heelflip,06-01-2010,http://theberrics.com/trickipedia/nollie-inward-heelflip.html,regular,pro
mike vallely,half cab,05-18-2010,http://theberrics.com/trickipedia/half-cab.html,regular,pro
brandon del bianco,backside 180 nosegrind,05-11-2010,http://theberrics.com/trickipedia/backside-180-nosegrind.html,goofy,am
shane o'neill,360 pop shuvit,05-04-2010,http://theberrics.com/trickipedia/360-pop-shuvit.html,goofy,pro
torey pudwill,laser flip,04-27-2010,http://theberrics.com/trickipedia/laser-flip.html,regular,pro
walker ryan,switch backside bigspin,04-20-2010,http://theberrics.com/trickipedia/switch-backside-bigspin.html,regular,pro
ronnie creager,fakie manual,04-13-2010,http://theberrics.com/trickipedia/fakie-manual.html,goofy,pro
will fyock,switch pop shuvit,04-06-2010,http://theberrics.com/trickipedia/switch-pop-shuvit.html,regular,am
chany jeanguenin,pivot fakie,03-30-2010,http://theberrics.com/trickipedia/pivot-fakie.html,regular,pro
joey brezinski,nose manual,03-23-2010,http://theberrics.com/trickipedia/nose-manual.html,goofy,pro
zered bassett,switch 360 flip,03-16-2010,http://theberrics.com/trickipedia/switch-360-flip.html,regular,pro
lucas puig,switch backside kickflip,03-09-2010,http://theberrics.com/trickipedia/switch-backside-kickflip.html,regular,pro
spencer hamilton,fakie bigspin,02-23-2010,http://theberrics.com/trickipedia/fakie-bigspin.html,regular,pro
clint peterson,backside 5-0 grind,02-16-2010,http://theberrics.com/trickipedia/backside-5-0-grind.html,goofy,pro
chris roberts,frontside 5-0 grind,02-09-2010,http://theberrics.com/trickipedia/frontside-5-0-grind.html,regular,pro
felix arguelles,backside noseslide,02-02-2010,http://theberrics.com/trickipedia/backside-noseslide.html,goofy,pro
pj ladd,nollie frontside 360,01-26-2010,http://theberrics.com/trickipedia/nollie-frontside-360.html,regular,pro
matt miller,nollie heelflip,01-19-2010,http://theberrics.com/trickipedia/nollie-heelflip.html,goofy,pro
ryan smith,frontside smith,01-12-2010,http://theberrics.com/trickipedia/frontside-smith.html,regular,pro
guy mariano,backside crooked grind,01-05-2010,http://theberrics.com/trickipedia/backside-crooked-grind.html,regular,pro
tuukka korhonen,nollie,12-22-2009,http://theberrics.com/trickipedia/nollie.html,regular,am
ryan gallant,frontside krooked grind,12-15-2009,http://theberrics.com/trickipedia/frontside-krooked-grind.html,goofy,pro
marty murawski,frontside pop shuvit,12-08-2009,http://theberrics.com/trickipedia/frontside-pop-shuvit.html,goofy,pro
eric koston,backside feeble grind,12-01-2009,http://theberrics.com/trickipedia/backside-feeble-grind.html,goofy,pro
brandon biebel,switch frontside heelflip,11-10-2009,http://theberrics.com/trickipedia/switch-frontside-heelflip.html,goofy,pro
marquise henry,nollie frontside nosegrind,11-03-2009,http://theberrics.com/trickipedia/nollie-frontside-nosegrind.html,regular,am
kerry getz,double kickflip,10-27-2009,http://theberrics.com/trickipedia/double-kickflip.html,regular,pro
chris cole,backside 360,10-20-2009,http://theberrics.com/trickipedia/backside-360.html,regular,pro
kenny anderson,backside noseblunt,10-13-2009,http://theberrics.com/trickipedia/backside-noseblunt.html,goofy,pro
josh kalis,fakie kickflip,10-06-2009,http://theberrics.com/trickipedia/fakie-kickflip.html,goofy,pro
josiah gatlyn,switch heelflip,09-29-2009,http://theberrics.com/trickipedia/switch-heelflip.html,goofy,am
gareth stehr,frontside salad grind,09-15-2009,http://theberrics.com/trickipedia/frontside-salad-grind.html,regular,pro
patrick melcher,backside hurricane,09-08-2009,http://theberrics.com/trickipedia/backside-hurricane.html,regular,pro
richie jackson,backside wallride,09-01-2009,http://theberrics.com/trickipedia/backside-wallride.html,goofy,am
tommy sandoval,backside bluntslide,08-25-2009,http://theberrics.com/trickipedia/backside-bluntslide.html,regular,pro
mark appleyard,fakie 360 flip,08-18-2009,http://theberrics.com/trickipedia/fakie-360-flip.html,goofy,pro
mikey taylor,frontside feeble grind,08-11-2009,http://theberrics.com/trickipedia/frontside-feeble-grind.html,regular,pro
donovan strain,halfcab flip,08-04-2009,http://theberrics.com/trickipedia/halfcab-flip.html,goofy,am
heath kirchart,frontside lipslide,07-21-2009,http://theberrics.com/trickipedia/frontside-lipslide.html,goofy,pro
manny santiago,kickflip backside 5050,07-14-2009,http://theberrics.com/trickipedia/kickflip-backside-5050.html,goofy,pro
karl watson,frontside noseslide,07-07-2009,http://theberrics.com/trickipedia/frontside-noseslide.html,regular,pro
rodrigo petersen,switch frontside flip,06-30-2009,http://theberrics.com/trickipedia/switch-frontside-flip.html,regular,am
ben fisher,fakie 5-0 grind,06-23-2009,http://theberrics.com/trickipedia/fakie-5-0-grind.html,regular,am
shane o'neill,frontside nollie kickflip,06-16-2009,http://theberrics.com/trickipedia/frontside-nollie-kickflip.html,goofy,pro
wieger van wageningen,inward heelflip,06-09-2009,http://theberrics.com/trickipedia/inward-heelflip.html,goofy,pro
justin brock,frontside bigspin,06-02-2009,http://theberrics.com/trickipedia/frontside-bigspin.html,regular,pro
chase gabor,filming,05-26-2009,http://theberrics.com/trickipedia/filming.html,goofy,am
andrew brophy,ollie,05-19-2009,http://theberrics.com/trickipedia/ollie.html,regular,pro
nick mclouth,backside nosegrind,05-12-2009,http://theberrics.com/trickipedia/backside-nosegrind.html,goofy,am
jeron wilson,frontside tailslide,05-05-2009,http://theberrics.com/trickipedia/frontside-tailslide.html,regular,pro
steve nesser,frontside ollie,04-21-2009,http://theberrics.com/trickipedia/frontside-ollie.html,regular,pro
eli reed,backside lipslide,03-10-2009,http://theberrics.com/trickipedia/backside-lipslide.html,regular,pro
josh kalis,frontside noseblunt,02-24-2009,http://theberrics.com/trickipedia/frontside-noseblunt.html,goofy,pro
javier nunez,frontside nollie heelflip,02-17-2009,http://theberrics.com/trickipedia/frontside-nollie-heelflip.html,regular,pro
eric koston,backside tailslide,02-10-2009,http://theberrics.com/trickipedia/backside-tailslide.html,goofy,pro
daniel castillo,frontside 360,02-03-2009,http://theberrics.com/trickipedia/frontside-360.html,regular,am
sierra fellers,nollie crooked grind,01-27-2009,http://theberrics.com/trickipedia/nollie-crooked-grind.html,regular,pro
billy marks,switch bigspin heelflip,01-20-2009,http://theberrics.com/trickipedia/switch-bigspin-heelflip.html,regular,pro
danny supa,halfcab heelflip,01-13-2009,http://theberrics.com/trickipedia/halfcab-heelflip.html,goofy,pro
cody mcentire,nollie backside heelflip,01-06-2009,http://theberrics.com/trickipedia/nollie-backside-heelflip.html,regular,pro
greg lutzka,frontside halfcab kickflip,12-23-2008,http://theberrics.com/trickipedia/frontside-halfcab-kickflip.html,goofy,pro
joey brezinski,backside heelflip,12-16-2008,http://theberrics.com/trickipedia/backside-heelflip.html,goofy,pro
benny fairfax,nollie flip,12-09-2008,http://theberrics.com/trickipedia/nollie-flip.html,goofy,pro
lizard king,kickflip,12-02-2008,http://theberrics.com/trickipedia/kickflip.html,goofy,pro
jimmy cao,nollie backside kickflip,11-25-2008,http://theberrics.com/trickipedia/nollie-backside-kickflip.html,regular,pro
giovanni reda,no comply 180,11-18-2008,http://theberrics.com/trickipedia/no-comply-180.html,regular,am
andrew reynolds,frontside kickflip,11-11-2008,http://theberrics.com/trickipedia/frontside-kickflip.html,regular,pro
bryan herman,hardflip,11-04-2008,http://theberrics.com/trickipedia/hardflip.html,regular,pro
mike barker,backside smith grind,10-28-2008,http://theberrics.com/trickipedia/backside-smith-grind.html,regular,am
chico brenes,varial heelflip,10-21-2008,http://theberrics.com/trickipedia/heelflip-shuvit.html,regular,pro
garrett hill,pop shuvit,10-14-2008,http://theberrics.com/trickipedia/pop-shuvit.html,goofy,pro
luis tolentino,heelflip,10-07-2008,http://theberrics.com/trickipedia/heelflip.html,goofy,am
steve berra,backside kickflip,09-30-2008,http://theberrics.com/trickipedia/backside-kickflip.html,regular,pro
erik ellington,backside bigspin,09-27-2008,http://theberrics.com/trickipedia/backside-bigspin.html,goofy,pro
kelly hart,360 flip,09-26-2008,http://theberrics.com/trickipedia/360-flip.html,goofy,am
chris roberts,frontside nosegrind,09-25-2008,http://theberrics.com/trickipedia/frontside-nosegrind.html,regular,pro
